,A,B,C,D
0,0.044831568912920644,-0.22122909185801887,1.656684430940132,-0.8419845904813734
1,-0.8894071924790068,-0.01629511478386037,-0.4488078720521873,-1.5166527246265045
2,-0.7407439627276979,0.9754400520580865,-1.3690205163723417,-1.0230279558229558
3,1.1249133370728712,-0.8590770958434291,-0.30615263750738303,-0.7298378318719958
4,1.3635901178077716,-0.31692047188007133,-1.7721008332851007,-0.5070498342475334
5,-2.4257223934573986,0.1839097117353756,-0.13218501036668434,2.273914509975558
6,-0.4931431374584277,-0.48628311559658144,-1.2928892670279215,0.5681121693691259
7,0.007708335898782794,0.14571048438923115,-0.6855082952785928,0.3544858688248372
8,0.6764740160298077,-1.5395250860477647,-0.597238510160257,1.1056306524366237
9,-1.1842349310727978,-0.3433678589921797,-0.18620787063216254,-0.56816605793429
10,2.3178826185299393,-0.6756792571784802,0.60736282152614,-0.6745018021519374
11,-0.022017742672437154,-1.1305702639664545,1.1904317319496387,0.8863370702676671
12,-0.13691169208248472,-1.752300436608701,1.0856952257021522,-1.6481616176073488
13,1.187334233955561,2.9122224770104252,-0.42741966020976957,1.4717701457015517
14,-1.0744875773433944,-1.178445706253161,0.48663633001865,-0.18802435633407713
15,0.011192581455017005,2.3387651187942784,-0.722605385889331,-0.4638488514767155
16,0.6719842743558527,-0.51570418294005,2.1397718482339796,-2.380613537232962
17,1.2838495172250304,-0.1327873562394581,-0.12137889426141428,-0.0928427302196703
18,-0.8170140436549779,-0.15028114721533142,0.5568594698292587,0.0644917392491187
19,-1.575329576478421,1.9825676108222094,0.39404677460554516,-0.4504744848107966
20,-0.572958172164354,0.8902949367955001,0.001401614329365574,1.5533100033381877
21,-0.7803828017700635,0.01795680501254131,0.9662417238473252,-1.397814587239205
22,0.6088350812413228,-1.4843312098249137,0.032911996924864184,-0.26155343320897717
23,0.45398655470978067,1.1364507658646605,0.7490106084510492,1.1258193964984513
24,0.3058208197591899,1.9334467255753256,1.780337952333505,1.0352484683976224
25,0.27397647730951075,-1.0598036664178732,-0.9128617814042694,2.465625453132819
26,-0.8237507878197589,1.5547619864424067,1.039000245289188,-0.47357732206055325
27,-1.8295147435860686,-0.9480293525968945,-0.3022813339983115,1.6419165635278856
28,-1.0120158533365515,0.18037874268777973,0.4653244954456429,0.8729596522355022
29,0.6535982270849546,0.3892629098355196,-0.8980614871082645,0.30999093491313273
30,-0.6196353670473943,0.7072760400042382,1.437525369280886,2.480535951287454
31,0.6755941675456126,0.46952677315171476,-0.18651589876505964,-0.8603684981129656
32,2.581193992373906,0.6949549346730923,-0.5250491540717482,-1.1343397663739831
33,-1.4965648002348864,-0.46393189367832094,0.30822811024508556,-0.0010199858766293615
34,-0.046397786929553486,-0.3345890802033549,-0.5505624981523514,1.598223550132747
35,1.0701818963502439,-1.2263123091833232,2.4312500889887168,-0.1251265586271498
36,0.6104822912452991,-0.016916735704802406,-0.864666401277919,-2.414565711142321
37,0.1719870694444813,1.276326801738162,0.25355504655467154,-0.49322093897317637
38,1.229301282219631,-0.34338684919721074,0.025871467231306945,-0.7325872999318098
39,-0.07696855331751352,-1.352591116391285,0.051957642943625065,1.3949562430317568
40,1.3515916315116836,1.477527014774104,-0.1501764381527363,0.4181829450879742
41,-1.4537698922110232,1.1397072398977528,-1.396209949414439,0.6484950238328259
42,-1.4804353564955364,0.02533539714593147,0.9071344059023698,-0.9487385244574574
43,-0.024127153371991533,-0.031675143010007345,-0.12267658160273906,0.20736352531424643
44,0.6002091231644622,-0.15886450971865665,-0.9137706514581853,0.6293576941044157
45,-1.3659877454567666,-0.1585559335815829,-1.5657239122602504,0.4995463537013137
46,-0.07161078961293493,0.9615013019546353,-0.12275239356392592,-1.0840550219943397
47,0.20248992718381464,1.9254523122707432,-1.2741472173206274,-0.38680365226953417
48,0.9994901662371652,-0.48085913296596994,0.32661280479545557,-0.7471860978834114
49,-0.9577333780706774,-0.23831385136882977,-0.13096626504837183,0.7763174207426752
50,-1.5004195087813057,-0.7317400543367842,1.849597069575341,0.2124775600663646
51,0.24818150656713964,0.489258090962283,-1.4146114034632535,1.0327589265581039
52,0.9262700972080404,0.28206141931880535,0.9803721123016733,0.4438284233566887
53,1.4373452593041383,0.09575334602920958,1.1966418720704326,-0.9435504145133834
54,-0.4138623144968623,1.4225932143942759,0.058008990881695074,-1.6987756572463724
55,2.669962591685874,0.04848508479350248,-0.7601540235621822,1.9045686975852247
56,1.1483153255358016,0.8243084440702184,-0.3542237550323063,0.2533545625200735
57,-1.6828583919713342,0.28550802128686226,0.07435944798672532,-0.7669778292367768
58,-0.904707081019855,1.2397474994419533,-1.2411467204488518,0.5563349156945371
59,0.746689156720112,-0.5707906101189992,-0.2872630637739827,-0.1147771256578251
60,0.8908091838955252,0.17842482424673645,0.4277124328140264,0.2391470198247496
61,0.7241134405170616,-0.020873502523062335,-0.004746847222668464,1.229370858451598
62,0.30674250830401784,0.8114225972547082,-1.0014142221872009,0.2157182613496998
63,-2.1829861110369597,-1.6547742266447398,0.038148391807754624,0.9153945092126314
64,0.3755034225337056,-0.1068844356331661,-1.132488235527574,0.6951762836226533
65,1.5507695748076415,0.08849260443319908,-1.4395241969709798,-1.0047765394944006
66,1.2266038799566126,0.9013652499213128,0.1183469396918605,-0.13564459152253708
67,-0.9413245378356371,-0.05698768662997079,0.9233507620411515,-2.5562151879688444
68,-1.5154222212963666,-1.5626214869876618,-0.5718005305201151,0.20504612522804402
69,-0.8644961345800124,-1.1132012367266542,0.11606542432377735,1.6169853179293014
70,0.28689179311784013,0.5468292477248301,-0.17091597097896216,0.9162011455301406
71,0.7124249954061979,0.034525568846355596,-1.452819657595037,-0.5426892186461995
72,-0.8096889544274849,0.22452833556011126,-0.24203575799700683,0.37953887499454464
73,0.760779075381263,-0.03840679781452611,-1.4494187660911309,-0.11398632151980241
74,0.22511510585618652,-1.851323593431178,0.5195812631962093,0.44209945649823595
75,0.221270698904851,0.008600635135129004,-1.371079202225255,-0.940903767776017
76,-1.5428749846186727,-0.0829948027789543,-0.9023360085093041,1.342625787026097
77,0.1660854970188897,0.6898174010269292,-1.9579234246981931,1.977616887483905
78,-0.3632273420755376,1.390578575766515,-1.7170525769118086,0.1644538651057142
79,-0.39271666741219236,0.793829380956092,-1.3784505424705082,-0.5530323320854192
80,1.6458980162211136,0.8030005588037438,-0.29199939872027364,-0.0595266817792879
81,0.9006571920948905,-0.26207479714047055,1.3294277174892537,-0.11617138291180315
82,1.7396902786765152,1.421193581022133,-0.037568596564155836,-1.4146410632781712
83,0.4346817129731937,0.8271604784642989,-1.807557613375133,-1.7652447738847221
84,-0.46813308352392424,0.36031810851303353,-0.9104706780429989,-0.39012900327737854
85,0.61226984914756,0.5317129879996566,-0.683003452121916,0.958515682268962
86,-0.5609524839685156,1.0913269287220195,0.21700103564968223,1.2055628431930567
87,-0.5210202455845598,-0.8326876851953351,-0.7147053342793023,0.2275436937974961
88,-0.4624443715500931,-1.227540619340332,0.8124693967927271,0.3970875239806956
89,-1.7752783519347204,-0.012194113521724358,-0.40377518240970106,0.30686508207433366
90,1.025672548832832,-0.02726372798520041,-2.156240521516779,-0.09136619321289957
91,-0.583803485291032,-0.5567973205085114,-0.8366756071758222,1.3073102564872805
92,-2.1578117009698787,0.7152320356009815,-0.5625165330865519,0.1399610057705067
93,-0.13799295665274067,-0.4346327066977198,-0.7902835188323156,0.6777425464061555
94,1.6712205723966307,-1.489615526754575,1.2166289011334415,-1.1453404698899274
95,0.6193985469824581,-1.8076340039719996,-1.2336796384384947,0.6828834259044922
96,0.8310847674547406,-1.0759620574724367,0.20776473393123587,-0.6171128660430633
97,-1.1732794534803026,1.1839856290398434,-0.7569058847488529,0.22609395688121117
98,1.444746374627358,-0.006248312196560392,-0.8401101108425065,0.19030935209989272
99,1.840798020113255,0.058319201467627174,0.4741160089653821,0.11075483467341954
100,1.0844589459853209,0.21754406202588275,0.10930199041913528,0.14315742473879497
101,0.8352868841662561,-0.04029391471376635,-1.7076770950997395,-0.8687760730554251
102,2.101581773140476,0.3916549787599178,-0.19575866801762298,-1.5487783989263937
103,0.019538311395971113,0.5651145051020677,0.797306132803181,-0.3249969210919746
104,0.8051139738226945,1.7337362271931855,1.2835833504716683,1.2757923743929873
105,-1.1351386529726806,0.9869339018060455,0.047767349939295094,0.03830163636368284
106,-2.0074157858981376,0.927423831896599,-0.3919568503682511,-1.1063409329769676
107,1.5694250904466733,0.5266700538458378,2.3912540539265548,-0.7049118978441734
108,-2.1474277486223268,-0.5442623389469229,-0.47678046806657803,-0.31587009259958887
109,-0.008841503174309328,1.2206689653048486,0.4062428333443508,0.20725030040179937
110,-0.4490820097003292,1.7942683157132306,-0.8858349400699765,1.488041239674635
111,0.6398505676283458,0.1767477394385047,0.565027427469601,0.5645025187647302
112,-1.1251729356173306,-0.35216984180749306,-0.014184699702613754,0.9522961070206204
113,-0.5728766282217929,-0.8134583659704822,0.40298559219327945,0.28923476542974097
114,0.5090220309637639,-1.236462506165362,-0.24821330845066217,-0.5904041206950579
115,1.644378997863061,1.0446506068925283,0.36887778912218266,-0.04555741330401755
116,0.1876172237249526,0.8875782166007551,0.44621195710569306,0.876505745373323
117,-1.1417985440881477,0.8693888203559237,-1.2996195122746248,2.1339990096391643
118,-0.7091941562515856,1.3512052177782754,1.8252058892359397,-0.2956612474578825
119,-0.7340843360573617,0.615508214674498,-0.36784731267270876,-1.3771640811591717
120,0.278439396257275,-0.02331343580197383,0.8071583652734897,-0.32894707444535465
121,-0.915606684754438,1.0673405598697365,-0.8566032973122806,1.399646004382271
122,0.019697458840057646,-0.9880432699939333,-0.2438242791613385,0.7379075494034029
123,-0.34257758304326064,-1.0303064458096973,-0.18458175172311175,-0.6643821750079865
124,1.7385713834618732,1.5714758615547653,0.5691197335530488,0.2097040662903137
125,0.9048655077877008,-0.8405469657121977,-0.1042002516540462,-0.8623336855697036
126,-1.5482193433102176,0.4845226356637044,-0.15201222236325426,2.6852968593344295
127,0.5916063503113898,0.3673801734957209,0.48289302278102736,0.5949056002162442
128,-0.03722263230040662,0.39059890335177605,0.9472938953766633,0.699461458192561
129,-1.0767547080921716,-0.9428341848495977,1.0018063328722455,-0.7377584056780769
130,1.576109547399115,-0.04303841535744771,-0.828994359688,0.7355476372345167
131,0.2312698793539861,1.195353509458429,1.8947064974835757,-0.10867455309408465
132,0.8598900269559646,-1.80863245483927,-1.401481863566525,-0.14956157960372707
133,-1.8948408619740786,0.3152447997492119,0.8142014123398928,-0.04074703092783217
134,-1.4487850008449248,1.6115368789751632,-0.43811325901831566,-1.116340625793187
135,-0.4345601383265898,0.8193146187284203,1.7771007487760049,1.1358154453694085
136,0.8026527147147239,0.6474265529860898,-0.724059423390652,-0.999058739359477
137,1.0621677392785926,1.4168694031251918,0.550615999198173,-0.6397297127214238
138,0.35785011824411295,1.4451976080622695,-0.6086731711828641,-0.7667530055144107
139,1.0149374791335843,0.22317083640269306,-2.313336167120865,1.4001549698858176
140,-0.10911403703633948,1.1078225379232034,-0.7014130116370307,0.8020019718839976
141,0.44521263217072815,-1.5434511876353123,0.2879120635934498,-0.02988158923398371
142,0.36666937583806625,-0.04809670503214741,1.1923973143850513,-1.5329287109803877
143,0.9804411188676161,1.4743478035753053,-1.538074937746061,1.1354305924758101
144,1.1154295531894796,1.2247440477081735,-0.5428027614428557,1.24764467413519
145,0.2583484198357515,0.26733618867370085,-0.9111346023964024,0.5259594786182834
146,-0.17535612209715176,0.7886074998260721,0.11243336144342578,-0.039476598094495295
147,1.2303429121361675,1.8472016460438716,1.344001025492532,1.221161337598567
148,-1.0301998277574032,-0.004009657032990852,-0.27420906665340766,0.5954662738660854
149,0.25278366874818076,-0.40109544493154325,-0.19267893406476824,-1.0921469006687343
150,0.9612565926132225,-0.5020750284517376,1.0780153650403088,-0.33740936252467923
151,-2.225808402322844,0.712788210419815,-0.21097895587037122,1.3432455515914168
152,-0.7237855439813772,0.9912594873383878,0.7879847421583236,-0.19735005480486675
153,1.1018158040981656,-2.6908457156676353,-0.44282194690986615,-0.806308321181594
154,-0.15600624578800507,-0.20313159235090586,1.2585288142200792,-1.3617572587833864
155,-1.0269193060803066,0.1570830902285139,-0.19090511702161225,0.45808492807450923
156,0.05834771995055297,1.423603939143939,0.27946573488254683,-0.22239155744601866
157,-0.9478367626462136,-1.528223331110929,-0.34595898382874896,-0.7340064733302513
158,0.2054839409283316,0.613758709331411,-0.29236578993233125,-0.5028802106653494
159,1.3193199315552957,0.9087780877276047,-1.5259790367209665,0.17232190468680478
160,1.888811101661849,-2.3641427511056468,0.10526524873232367,-0.16604693400701823
161,-1.6628866600638998,-1.0978120673252072,-0.023016648123493823,-0.711988814865497
162,-0.6635488350138462,-0.719331629143798,-0.46437095475867235,-0.3885239761516869
163,-1.365231152102543,-0.3642175033191091,-0.8705551560158843,2.040376106183721
164,-1.0168302990954163,0.8323920270934961,-1.7222536581289551,-0.9214063965385436
165,1.2511442062735267,0.9608487179112374,-1.3932664465671163,-1.2583590611512732
166,0.858248019313356,-1.308163581967656,-0.7817103072995022,-0.9418068059937504
167,0.8370497484146647,-1.749690988650706,1.9344570305248379,0.019006910751407678
168,0.12509428949287588,1.353311181916295,-0.57892099416966,0.25878819332895986
169,-0.8817858942923524,1.6828152165602641,-2.3489694301532826,-0.3328634990962943
170,-0.9498719731256289,0.8667884213883332,0.8953012863481399,-0.3204640619807036
171,1.982084282840811,0.09053809990429264,1.3678292874035825,0.646264983382931
172,-0.06676130036381153,1.351376518883787,-0.33759065526769205,-0.513340384357106
173,-0.0541161662108562,-0.47276275402990436,-0.8482774704771029,1.7817196225276977
174,0.6064492434839535,-1.3481107096182765,0.518003730536827,1.3462913623259483
175,1.0457230675476805,-0.618405899976118,0.926266515776015,0.8207917783135166
176,-2.029620065430043,-0.4050884043000975,-2.278427872245511,0.7400091128329379
177,-0.45160094610740614,-1.1810535015624763,1.4755734447859319,-1.3184326802346993
178,0.3656835323248661,-0.5191818034278688,-0.28400185989094995,0.016218424130748053
179,-0.49808439089104317,-2.7324824792642293,-0.31164036932167966,-1.9956861974770583
180,0.39581105725115834,-0.36187419431323004,0.7917055512808905,1.3328539481131845
181,0.029861008579011843,0.500446579753894,-0.7926525922440216,-1.0288168857590743
182,0.10782580932754375,-0.7432478311664221,1.575649316781753,0.9834153492282544
183,0.9222352132601487,0.5572149761790172,0.09436125728284211,-0.44676923813041797
184,-0.0687593419336455,1.5441077409456765,0.6588578162837658,-0.0034965862278406664
185,1.006891031859672,0.43772571342848987,-1.3492093480581995,-0.8190523983767155
186,2.0729298204572406,-1.747424972920215,0.5328724747877611,-1.0131957606991049
187,1.514171380059107,-1.8385600903628092,-1.7998232482802958,-0.9614158120148256
188,1.544154908527009,-1.3139943585277907,-0.7780835288223967,1.188741971370636
189,-0.1107915520551357,-0.04486250029997338,-1.2972270677558362,-1.4473508295387623
190,1.0145156605816383,-0.7377257334619067,-1.6089646497347465,1.103370073817109
191,0.6223808414111643,0.8871346272882957,2.5689379898621656,0.03316681307388235
192,-0.1383647766524954,0.16873763409725379,0.3985513113623856,-1.39086316681561
193,1.945869564696505,1.8861415176192629,-1.1759626872097013,-0.647175681575722
194,0.6356614474951545,-2.408156326319749,-0.2004874075694886,-2.2271793518299865
195,-0.7666715502748058,0.19111611045039428,1.1317695180831802,0.5532034399905571
196,0.09134535316123825,0.828014775714323,2.1152007506553074,0.0549842848933448
197,0.40903628610339055,-1.320998829436953,2.199253023994429,0.9939070279222185
198,2.010262609199481,0.5170355909699569,0.1843413490970528,-2.1930504393521297
199,-0.7613184753562415,1.2162236882594266,-1.3895957611195289,1.0286530814979344
200,1.3780460496778209,-0.4867636754097537,-1.0281288223648462,0.17406097465560694
201,-0.011564773992424325,0.2012381276502879,0.8284642888683709,0.08589621125864458
202,-1.0923255278581356,0.6788856657117972,0.5474229798496506,-0.10418107069861542
203,-2.1642110868509032,-0.3438828178649132,-0.8907157647197352,0.1639534431683522
204,0.4830194764695748,0.3013746451381131,-1.0276622760685201,-1.440132772633511
205,-0.15991578598038575,-0.09416687755045933,1.354021153915229,-0.09675967120141725
206,0.47233729142316294,0.8721800613454062,-0.32939095430612453,-0.27547356464258543
207,0.6865122101352616,0.8961493241852393,0.020089155543777455,1.883815262761345
208,0.2855864004721158,0.1827071535510465,0.920550325897916,0.7961780889706556
209,0.5220500967800881,-0.7414362980409704,0.3957310804724229,-0.5380381591953404
210,1.3645853658331673,0.4192641460750952,1.4814053675709487,0.5141819150242708
211,0.6856367905744569,-0.528810317666226,0.09541267759457588,0.029709621214423946
212,-0.0037702336956744248,0.9846710826636355,0.6785840846839183,-1.5834240645894844
213,0.6158822360643729,0.4624996221019665,0.0449318084052399,0.3638519905983886
214,-1.0011664511857612,-0.388878155091013,-0.494027371881461,-0.11987311052990356
215,-0.5369810121026569,-0.4949797899483625,-0.7350902724500381,1.3769191301500254
216,0.18432390013511868,-0.7792692199234171,-0.2850425944943527,1.068591016099399
217,-0.32037027527755063,-0.4478355882240688,-1.0756787361141058,-1.0573332616937978
218,-1.0418776913472314,0.25958978639669006,-0.9233994648761286,-0.15187306380652432
219,1.0863450377586268,0.11344373200073683,-0.4855221368477807,-0.8192479274559864
220,0.13211365201911598,-0.47046539357935246,-0.08875275353310591,-1.8895303242006094
221,-0.744725742710489,-0.562472963318353,0.608298429665827,-0.18525505193149167
222,0.3977619545795062,0.19686180652428334,1.7012044522916672,0.622435530926229
223,-0.1593803754521807,0.7243733139026642,-0.7931438614799825,-0.36360684302046303
224,-0.09400057954888653,1.0276656268572901,-1.2940398464620417,0.5224032911092364
225,-0.7957749450222772,-0.30599278415860265,-1.594090206546956,0.19208474266254058
226,0.9127437725755627,0.10421858843525071,-2.267150019269443,-1.0293273870315325
227,-0.526215449010342,-1.4890041261436824,0.050644616680991225,0.6623628233414465
228,-0.2743672581463501,-1.5299661514665943,-0.2339210306521446,-1.1398803806626234
229,-1.0075484772263923,1.2574932083199513,-0.019610091882855663,1.223132077866454
230,0.5056927358777822,-0.3587060467592035,0.2168100759449702,1.5305515454541623
231,-0.549759170766751,-0.07670036901666451,0.8220822831448785,1.645452211850141
232,-0.37550613103351793,0.11674499460951031,0.16263469151862278,0.2971766571617935
233,0.49343708795154984,-1.7452433133310519,-0.31392128055620533,-0.025674188311378993
234,-0.3038790661735757,1.1198477697312514,-0.02550566845314899,-1.1451146710629054
235,0.48480990109507627,0.9386124920341089,0.40183975485595586,-0.8151469139036546
236,1.1171624480778413,-1.222981438145401,0.3589208829776478,1.393857201734769
237,1.0647693435120267,-0.5563006075961097,-0.1541202221132681,0.17443988075996997
238,-1.2361769022238513,0.6714072702983443,-0.1284825367470117,0.25908394732255646
239,-0.2604352369066829,-1.470601312670841,-2.133618967498416,0.5451538923783579
240,-0.41610512494853397,-3.2041133005319176,1.0445803978552364,0.07700622806163812
241,-0.11775775646045863,-0.4821455974002797,0.46908850471830743,0.2737067381178976
242,0.7177086957580645,1.4058938639409666,0.48658455469171497,-0.8989199388159694
243,0.307555409564435,0.18902429405871943,0.6954318344212959,-0.5476737250676462
244,-0.8152678048786841,0.48128013533540687,-1.2549290935905901,1.137887194872631
245,0.4139194955759196,0.09553476383436318,2.114956058265458,1.731526040911264
246,-0.6324128423822073,-0.13802543326553215,0.6709336535718736,1.610528432477872
247,0.20746380096864467,1.783395514695888,-0.42356675828335194,-0.9856762369136326
248,0.18123897410506035,-0.19249907823337337,1.2344072853287522,0.4236472135794371
249,-2.024293520209215,-1.0117039805324126,-0.034057929065576316,-0.8107177864234597
250,-0.5921653458195619,0.5441858366881492,1.171339026464001,0.32933263634353144
251,0.8408346397654919,1.2736878501874689,1.8777436870122606,0.7605124489887369
252,-1.7412759743776367,-1.7529825179675853,-1.1000793896592063,0.30871016165835846
253,1.773445463207893,0.23451648935909417,-0.16540014382356696,1.7960622444843322
254,0.5278080724892443,0.1029803335327943,0.34883130492865366,-1.2066143589776266
255,-2.602477899041153,0.9413357369943888,0.4682257322188338,1.5955874300731856
256,-0.08484510787091479,-1.2360943589867295,0.8519297268339807,-0.3085180030168093
257,-1.7533779917194292,-0.5773791954204559,-0.8802510840548392,0.3511193897664295
258,1.0285289574449084,0.8122051345619605,-0.12163530711153885,-1.7549748999681776
259,-1.6334388185373787,1.2811336302388368,-0.14875633264486893,-0.3689132122754314
260,0.8643354092437655,0.26061167879005714,-0.9513045714886573,-0.027246015207287422
261,0.9361904411155407,-0.1721717225527991,-0.6296172957049591,0.8963027752011824
262,0.11069718106530174,0.7951312376247736,0.48666597379314025,-0.8246514960036335
263,-0.34229629542048007,1.7582260064611057,-1.2949947015847305,0.5776522615285327
264,0.5848824492670972,0.09462281177042176,0.03155294590945028,1.1193272534489676
265,0.15067473767917222,-0.5186856053230795,-0.40667262763866013,-2.0003974984687796
266,-0.8649480219913034,-0.5236350822850705,1.6987700538803214,0.48497202984260035
267,1.159052685350386,0.5887889325264005,1.2782723695116454,0.35621408292163725
268,0.7768265313294025,1.0898651668763784,0.5490904864524201,-0.36476060509042546
269,-0.015681543765194247,0.5873400804804276,1.8865622258519124,0.09110604575571768
270,1.4678309408620815,-1.1328037238198105,0.607550815456543,-0.8815429462977362
271,-2.1484381524611713,-1.494445530327684,-0.06613037043766816,-0.06679543093786014
272,0.6857911853683419,1.0924582110172216,0.8821736116229536,-0.835375114795657
273,-1.550898185089546,-1.3999820419071995,-1.2674709925708074,0.38120249441879406
274,-1.603655807882691,-1.2893964638669098,-1.2716505902813058,1.5509874480380517
275,0.09480296118411224,-0.024121304884107034,-1.3353843180378089,-0.1416678144702389
276,2.028884068508447,0.7834946457061376,0.6712043949383009,-0.18315670781303134
277,-0.7960357634666401,0.32794980168928206,1.0574755017222228,-0.37635836155670677
278,-0.16275167430941714,-0.9186923992079877,0.39406685484861476,0.8286873737012408
279,0.9516911804693167,-0.250133970199149,0.7236231493567409,1.3815643627406282
280,1.0130758145457126,-0.10246741529634373,0.6337686993200053,1.1388871064645016
281,0.5417111506360567,0.8315812786885404,-0.03031614681083697,1.9327471877994635
282,0.4170859903743182,0.26410743903778694,0.5595179782115824,0.06184786171997955
283,0.8003558501769573,-1.8261761150342153,-0.9983042009666186,-1.0835974774009902
284,0.7116888147020265,0.4495816400942026,-1.0074545162451067,-0.6604139907567127
285,-0.2902123381730655,-0.024496723077037028,0.44965719091804507,-0.002271202738004604
286,-0.07794335583319849,-0.8184932636490131,2.806142459248348,0.8503947348601234
287,-1.581869277260671,-1.1781405588639746,-0.5474618507477517,0.18254135177487088
288,1.3267031165969103,-0.34533761850074,1.4429142133705462,-1.6797217305737415
289,-0.5008053605243352,-0.8210754518715135,-0.28799256896723857,0.20908052793198667
290,1.7694003434868621,0.10655693322195234,0.8319611976127792,0.03269750525385934
291,-1.3629104927059774,0.5764352583758126,1.31607958226976,0.19645974023368393
292,1.275457096752884,-0.9597930519729791,0.27698643248275534,-0.7250311465539417
293,-0.32297762396241136,1.1652494298084628,1.3955912850407108,0.11815711209391459
294,-0.05057195615457726,0.5149305436851708,-0.5128996660107241,0.41089969189399633
295,-0.8302155961284495,0.7347491175411224,-1.2197110984328263,-0.5937081201743677
296,-2.2045492176931676,0.297754447106338,0.2206425166783356,0.5382002061046793
297,-0.5818119464649473,1.1590369600109622,-0.4028395061800807,-0.43026239657592397
298,-1.0963739246499682,-0.31666662204515966,0.5912551221229148,-0.6665194207805774
299,-1.8290602206405553,1.484191705222679,-2.347032003090835,-1.345886704427936
300,-2.5441570085747647,0.6860489358743873,-0.23697189417415818,0.8749502802316488
301,-0.4223154942109683,0.8678823366209867,-0.05210943365165215,-1.9275374224864315
302,1.2561920086226848,0.21312044012887052,2.472616094939285,-0.9764692928788458
303,1.4783183962014508,1.484506044772577,-0.0591558726627483,-1.4744132295027914
304,0.39072068734292925,-0.875885419180787,0.1154109373631232,0.07743185894175995
305,-1.6071491453926374,-0.8477479012257085,0.23873765005636705,0.9523980409950797
306,-0.2706164634699002,-1.1072128698693686,1.0969245011027051,0.1502524890116785
307,0.43301220832057363,0.6992576831211277,-1.2886845737214199,0.03469466053333538
308,-0.5863652399569061,0.5295462871595155,-0.9911454073175824,-0.14274008473002314
309,1.3177800164700417,0.19778753356010242,0.03323725323202371,0.2641682631641706
310,0.339032326176984,0.12738524889539934,0.0398138872355969,-0.9256969127861585
311,-0.8944607576549337,0.6030251498089465,-0.3270628998729931,-2.2905971192922516
312,-0.9659918114382554,0.20258444954875596,-0.9107846162778591,0.06587892395268503
313,-1.3278071371731355,1.1230695309310368,0.5262751866269205,0.4285120865657233
314,-1.3956135514104149,-0.8995224697441037,1.5016809618999991,0.8144948528734623
315,0.9381381965233667,-0.8472628938062579,1.9327676657661572,-1.2312322077999067
316,0.4575079853308336,-0.300839677363724,0.33967250532818477,-0.29802284334209683
317,-0.3901756885110995,0.8783163066609991,0.2602978540283362,-1.439391449780241
318,-0.4075677460040848,1.0178698944658056,1.0553712573064429,0.6106101938454612
319,0.19914568954314205,-0.6020271166342687,0.5679019513192224,0.19958232566340287
320,-0.04462767474520981,-0.9942538065435781,-0.1023591940337707,0.2711198843586254
321,0.13785236345365734,-0.4056279207621555,-1.1429060777631772,1.0143598450331324
322,-1.5671019923851939,1.5034945899759784,-1.0086553069446746,-0.19475401113021676
323,1.2608685203554146,-0.7662572627283394,0.036131051441766364,-1.6510653599515202
324,-1.771477048014295,-0.6587557206428816,-0.5218339113819519,-0.9934957836183338
325,-0.9529396765336113,-0.4808061781803596,-0.7226466810430349,-1.3883466977167744
326,0.3866043508856802,-0.20199106209412016,-0.19993536106379853,-2.0878903254147723
327,0.07603013672934437,-2.0082323419463814,-1.1324041325688472,-0.06935318283361783
328,-0.7253266777832472,-0.7640166428342908,-1.7974642964232823,0.3673249870621811
329,0.0010865878372022654,-0.6050129544520455,-0.6789793698508244,-0.4378715089133261
330,0.980497750183928,-1.8983207625397667,0.5167362271324191,0.7779507134444759
331,0.16684029227002206,-0.3903861464372083,1.0135861795345296,1.7990100032188614
332,-1.1580021810259509,-1.1552371963496721,0.6911344231735269,0.5338173844360714
333,-0.37241346927387126,-0.4585497227901921,0.11558100570379946,1.3678343843909637
334,0.08572709313957755,0.23191617838285894,-0.8768748197011708,-0.8119145810235802
335,3.02339736960692,-0.6482634956073905,0.174677403596839,0.038470561814361946
336,2.061605383638935,-0.48587166692273787,-1.2091959960100156,-1.820214477668541
337,0.2334784559245108,-0.3650398720661899,-0.13456239750464258,-0.8232729943491766
338,0.3218138759219341,1.6411333180346128,1.0575892197023764,0.5747610566117878
339,-1.8124193990201138,3.234017364314823,1.2941907839036064,-0.4270778140729068
340,-0.40157001005386667,2.174627376792095,-0.9858694311390204,-0.3877102753446586
341,0.3681328458119083,-2.0815116349338045,0.16042523628601735,-0.7638446229274882
342,-2.068192623248356,-0.285520268402146,-0.4431107261201057,0.759416084166403
343,2.007714409375258,1.058964050343762,0.5790007877372997,0.10167767456008536
344,0.4912645529345907,0.08087313193752996,-0.7264246017853749,1.540038358610149
345,-0.09721784263389749,-0.45835917642526075,-0.9614615849906317,-0.3603483844102283
346,1.367408391870678,0.6326083619361343,0.8121593868939102,-1.2887237638064855
347,1.4451261217034204,-0.4261448521832053,-0.12698147670586998,-1.8364998165450424
348,-0.592688057427186,-0.2878918618705978,-0.4301295030652864,2.944724754532067
349,-0.45049964946576504,-0.04957128479003909,1.645564988283632,-0.08385659098003027
350,-1.1474164253887766,-0.19420347528632811,0.36202346464290996,-0.9121606548189659
351,1.260606491277934,0.693929196303092,0.7795026106896715,0.8904125754688249
352,0.9718052423392565,-0.42657389889406727,-0.4108678678261487,-0.3100540911906084
353,-0.09365524709371356,-1.7378400863046675,-0.428352509329786,0.2747014369780608
354,0.5381467920975749,0.5569492507821368,2.5819102201680617,0.5002505090737155
355,0.6407288184163459,-0.42639478134677755,-0.8720532054211603,0.4999301733506124
356,-1.3507194430291791,0.06809071294422807,-2.2937787022646723,-1.3060351024624497
357,1.690251988307887,-0.9156359323318186,0.6671951367570476,-0.48388375378252796
358,0.6111575260351141,-0.654053078981412,0.33464233566627194,-0.40597815305380525
359,-1.347379397459769,-0.21417430924197503,2.4457811150688555,1.055202555351943
360,-0.28592740707049774,0.1629500997982445,0.3180418846373366,0.360983280595198
361,-0.07534573286985896,0.6007345195702782,-0.3588814650167206,-0.04142827573925287
362,-0.7375334096110477,0.16405579772461848,-1.221540274499554,2.3341167568209817
363,-0.11975160009516732,-0.052751914251664464,-0.7632880581698631,0.6553783130728901
364,-0.15296198109308615,-0.3783646111434457,-0.03878054712759221,-0.1768562976263727
365,0.42462501882231357,1.4279425214325523,0.7996926926380099,-0.737120049566966
366,0.884418294586925,0.34850775403437423,0.7068723751755961,-0.2166813557581776
367,-1.005761606223842,0.14433331736909488,-0.8542424064825049,-1.0330659175446757
368,1.6310971076297676,0.5773710744172585,-0.8266182701055181,1.4857861679008593
369,-0.9765102435575846,0.9166299987675662,-0.5110421119224197,-0.19029211281946307
370,-1.262466373643176,-1.9831037459333094,0.03561995000542103,-0.2100528581949733
371,1.2795452048079623,-0.4419327859337778,0.5700956594634374,-0.08494630127479152
372,2.3464343853406997,-0.13283993984998527,-1.8514509204792058,-0.049385843084092974
373,-0.03745569328171345,0.27527908357517117,-0.6932979533797653,-1.698916609730795
374,-0.33756514532342957,-0.5105912566339132,1.7003858771524554,0.8672964113938302
375,-0.14933175818114694,-0.7639126132498987,0.12950858810590826,0.31274831739836434
376,-0.7439874038180452,-1.0604374502253038,1.4302620566009387,0.8672875374224823
377,-0.4139016428003358,-1.0026283155735094,-0.7479601754545155,-2.4675076998596444
378,-0.27850016663434896,1.1741560935795565,-0.6911954629446408,0.8751512645232453
379,-1.6729501055340128,-0.3971884125606359,-0.29236566298768657,-0.06508652193556476
380,2.444896315626216,-0.018115937691374234,1.4039557403210263,0.8426059738590692
381,0.31791592688608655,-0.7284401589874288,0.006245486654044645,0.8841164234369138
382,-0.45254488773670615,1.2012467624845649,-0.5595843868804502,-1.8590759524043239
383,-0.3731138486881574,-0.12175872187754191,-0.2171008597169147,0.03198031697499457
384,-1.3305222064939555,0.8101201192664398,0.03329637858712952,-0.7731736792705066
385,-1.1590067310541177,-0.025837000088023723,-0.9967831903559791,1.102112532239275
386,0.9226250506752648,-1.5549728881594593,-0.4646941475061649,1.1188022134474793
387,-0.344165102812579,-0.5939228700703441,-0.23150976056503988,0.4929323422770376
388,-0.5502260936312697,0.6915605411060082,-1.4530052028407392,-0.11664828013831771
389,1.0305927599064233,-1.424365212484164,-0.18900627912306825,-0.9485339239042619
390,-0.5936569081596726,0.03156986586750068,0.5089353968901208,-0.05154524550641417
391,1.0385592116645008,0.4951554706956822,0.4275412700387836,-0.40758080173026856
392,-0.15419925858471714,-1.1150497840921068,0.8296692001816237,-0.7449100459100736
393,-1.9203746737344167,-0.8075825473262526,-1.1272764232612418,-0.6676785570369136
394,-0.2155972607238951,1.0281704705252688,-1.2938845306539164,-0.38029788969448797
395,-0.4147192303177179,0.0901388001034326,-1.0515502513558994,0.8008260674751606
396,0.3589403236846965,-0.6017691131228344,0.4324187901924577,-1.617767236626246
397,0.6466124941726854,0.12840701256281561,0.8675748355289756,-0.2331621365668575
398,0.30433610741977934,-0.2032551903502292,0.612884855695197,-0.6498880706610501
399,-0.07671033939108757,-0.9712147454716741,0.5878690056617542,-0.6437009930499006
400,1.9561660236692409,2.3150574939850785,-0.8373233090218213,-0.4899894245930721
401,-0.4008698557132419,-1.8556671862588094,0.22356636508040875,0.504031344561613
402,0.45564051543336953,0.735701291614816,-0.4705662455323933,-1.160031211994443
403,1.0898349135375418,1.2897996092098272,0.10234131794174599,-0.5742285858913247
404,-1.7482722998896572,-1.7626930550423698,-0.7479880980621395,-0.31031626264092915
405,0.018234170055335848,1.1911747450963637,-0.48308540022835805,0.6185438291806395
406,-1.5087925351830054,-0.2058966353976545,0.021761708662171905,0.10862679359935279
407,0.5606873298782171,-1.7254060259284467,0.19050287905109575,-1.0239036498589653
408,1.1880291999162103,1.3606702479746844,0.872872497848694,0.4682627110814663
409,-0.6933697765445271,-1.5054431071562526,-0.2649530543944286,-0.8822044767611474
410,0.6805245194396221,-0.12742277535257981,0.04245821248366097,-0.5844425809026995
411,-1.7513515313415768,0.2381643160052835,-1.007998584116575,-0.7796646501354781
412,-0.31823550533907136,1.565768297367444,0.9618151616362716,0.4066409656627019
413,-1.3940127876167236,-1.459830322755748,0.01324113144014183,-0.48547762286214213
414,1.4533570958077986,2.1118001307932417,0.5717103866676873,0.341833659998663
415,1.7629641193514034,-0.15859630270501957,0.2604775755843884,0.4047775323199458
416,0.4877603879465945,0.4770135537886429,-0.38830767058424814,-0.03976285276951336
417,0.4396752431445718,0.23598598680642704,1.2155475316940298,0.6169024848078769
418,0.0817955499434191,0.40783847186440303,0.7238791494279145,0.9700234164369977
419,1.6867457081474533,1.2429815982493901,-1.1237428353388734,0.16053810908179095
420,-0.507840621548443,-1.841783776557165,-1.8306289092982109,-0.9280257500837553
421,0.10935076247913691,-0.0029985757522254185,0.6367043520815678,-0.17369118110319773
422,-0.36441031335310614,-0.16924154267743202,-1.407980136162139,2.3895579696935223
423,0.21337931599950222,-1.6293830534913019,-0.6970608770607668,-1.058123468799447
424,-0.7739221026677634,1.6132872695835057,1.7104160011096952,0.19344339255115153
425,0.003784592526514499,-0.5208261326264916,-0.09093454820129725,-0.24833954554029686
426,1.6283777063149767,-0.8900695222727208,-0.530021498418551,0.3322093058148756
427,-0.5867830046654573,1.1613977598581238,-0.07784999356957809,1.2716824086961507
428,-0.5941443994015484,-0.09955350746088831,-1.8219737800870806,-0.47087836522929183
429,0.13141112822089276,-1.4759457108253153,-0.46824352852452605,1.1867802036588686
430,0.47971983702949783,0.1414350734156116,-0.3962427450284607,-1.239333013028312
431,0.7727984748757922,0.32288183536070464,1.1887266512358432,-0.5449510740250801
432,-1.7915470628352423,-0.10444182250797679,-0.9935129899316786,0.14366203956206489
433,-0.9206210329563747,0.9130771261726695,-1.3989444770531672,-0.2757177664833996
434,1.5243867968352642,0.7360396610165502,1.3577548090649902,0.453779236905289
435,1.4270351400599732,0.9104519262707743,0.5240501846030566,-0.5269266336561692
436,0.0788904358391195,2.691240160449135,-0.5015026786172131,0.655854069695101
437,0.42098795811897605,-0.025514951639869415,1.1940842263944682,0.5537159767054861
438,1.4779768037170729,1.1906895816963758,-1.873565217143883,-0.1002516669869747
439,1.2336374245614756,-0.5033755186128902,2.081529501429511,-0.12142786771600227
440,1.5258523782692124,-0.9720938736137883,0.7184943269443692,0.5930487074278963
441,0.7834124116419582,-0.12660976275515975,-0.3941078903561722,0.11083846394076252
442,-0.499401283072895,0.5775494277524422,0.3651524236092049,1.788419819371916
443,0.05908047305660149,-1.6362676012457842,0.2491981021899475,0.7845379599127296
444,-0.9383662597870166,2.8139941382619975,-1.5487832795424183,-0.24470755586402101
445,0.7098560538521141,0.6005185460812399,-1.4192295629236016,0.8394412765547753
446,-0.19631821394430785,-0.4533905711872677,-1.3310835636902583,0.7327019204738332
447,0.691757493114117,-0.6846143559866975,1.3348949306598699,0.8213906342136111
448,0.09279978832715598,-1.2617277430302702,0.1209396046345723,-0.7688112069284744
449,-0.26474428898215535,-1.1484681671282995,-0.16913321253171767,-0.6495645685798588
450,-0.9733061828420241,1.231580874928644,0.42447425135533606,-1.4403726086175384
451,-0.03163272435671355,0.9230327647660939,-1.0239066447487004,0.9304836974353534
452,0.8958989482961024,0.5216181605519117,-0.6716434968204273,-0.9577867154923547
453,2.14209818089306,-0.6009681600650351,1.1937704610746016,-0.4513703998846708
454,-0.1575066210559209,0.6617646634195289,-1.226331538292362,0.07462740862387203
455,-0.37822146415570546,0.9429086427846459,0.957541357232932,-1.6511922962508956
456,-1.1064894741729066,0.3586123896521543,-1.2705847308223162,0.5164326656127134
457,0.1280222632368674,1.6095362000024453,0.23243190380908652,-0.4644914676926079
458,0.6179425421136769,2.7104171713153886,0.4027327335492935,0.31612924340109233
459,-0.5856860634476132,-0.9147288810141389,-0.899169881142057,0.31340104137149133
460,2.0934321889515877,0.44158583644849275,0.6049861090972634,1.5047862833947443
461,0.852857917192547,-0.5265517106984589,-1.0772692713017233,0.7875240940064634
462,-0.4283976969884593,1.258847618289526,0.45296422925312513,-0.16380350994712634
463,0.020141817519028198,0.10856249435422453,0.5656746223894649,-0.04030250632412475
464,0.46778904128028587,-0.18648350472874636,1.382512585574852,-0.7538381570441774
465,-0.9316546557580652,0.9784553669853936,0.8687893411985245,1.4164817317664915
466,0.41904383621275426,-0.06736182451460455,-0.5434107076129945,-1.0497305025922203
467,0.3446443073879031,-1.843799202212669,-0.9998909246107528,1.0657488652276261
468,1.3194628753410993,-0.004115239764303046,-0.8289145070872077,-0.7265982740674918
469,-0.9559804579214549,0.2860975747854292,1.1226435603042741,-0.45972460803670606
470,-2.1784994652175986,-0.504013037486493,0.8214967976981218,-0.5298932447364875
471,0.07167683966724889,0.2879222435110662,0.4299718334478803,0.642446070611111
472,0.5310211073048172,0.7405268440642541,0.5433393123686734,0.06561514481959188
473,-0.9308651825095565,-0.05371243612181346,0.5331555501332597,1.7306030312938112
474,-0.2599023795823177,-0.9143963137831221,0.1691010981315029,1.1446346213498884
475,0.4104609319232039,1.6241988606183528,-0.2170811979444906,-0.18622201192457732
476,-0.4418902009267761,-0.36654976787830756,1.992121456785242,-0.6316047888395597
477,-0.09710901595864847,0.4125140248224088,0.5471070244745082,-0.672565690379873
478,0.9685490141687454,2.3775729474502874,-0.16621400154475235,0.35338646712575167
479,-0.6562466540722625,-1.1931069981918807,-0.27157793739808067,-0.3704088333330872
480,-0.29211618986194776,-1.1699749605353025,1.104042173104641,-0.41295905800253596
481,-2.0827829530598887,0.6556812246825029,-0.20065031922154503,0.4147272518489645
482,0.3340660878874176,0.2213718468460461,1.0820052503299735,1.301632197035885
483,-0.41290784705792316,0.7563522751800211,0.5229475164234214,0.3902834271181182
484,1.845328180256996,0.5499046649312052,1.8392902538915645,-0.7872875358629287
485,-0.9300366528632046,-0.3828058478142502,0.6770576457730131,-0.20071027991790166
486,1.1129139188034136,2.2671933747779773,0.26279240310110263,1.0613729371221727
487,-0.8888969550782987,0.3807837291109442,-0.1533912409622878,-1.2711692865841722
488,-0.7289085817140412,0.711278035423928,0.5751826788695682,0.3238674057292203
489,2.0201492082590553,-0.4886194072431368,-0.7140759394613898,-0.1740196605769368
490,2.2519833305536174,1.3788979348734998,-2.587066538716684,-0.6541813917003997
491,-0.3497533895465297,0.026265460572496162,0.9520652701873588,0.10621457002569784
492,0.4102645007814356,1.2290205791326787,0.9036141974997693,0.34002771585246006
493,-0.8659895877276227,-0.8294640380732224,0.34613588550498214,0.3895542355273826
494,0.8389745826827748,-0.7136043056279884,-1.713794357904873,1.0206604571529687
495,-0.07649394802239144,0.9598338358775999,-0.3733972922751075,-0.7368029978969945
496,-0.2173925523441158,0.6982907131647818,1.0678952889885145,0.4296840831386743
497,1.1409631648788392,0.6877282101007586,1.0746953320836572,-1.2130675587132491
498,-1.0540193952889976,-0.9274246348738278,0.7986110306906815,1.2659685750738625
499,0.44940323699204215,-0.4251081640028748,-0.2462021725281812,-1.454916733973265
500,0.6837948737564097,0.4348293096789942,0.7747676766925504,-0.8594151830200781
501,0.22020671283458662,-0.5420989399917,2.4524745182098253,-1.556328423537921
502,1.9663015673062478,0.4770717816114502,-1.06923631898736,1.1274195701177339
503,0.2748928824647471,1.4018408393301869,-0.4677380504376998,-1.5166766335313797
504,-1.178237526273024,-0.6745105215175715,-0.24014429939470316,0.8292102981658227
505,-0.4734604669625274,-1.482903813837974,0.7183993647528029,0.7600353342425682
506,0.8752015157734602,0.8214497998587046,-1.5258738265111764,-0.9457419649395646
507,0.25801815626375174,-1.018532835467202,0.5249018374377378,-0.047082263578695015
508,1.276102363198869,1.1071923214667727,-0.5970211164437267,-0.7004956308008897
509,0.7330844211997987,1.6735070304947464,-0.6299657655137479,0.665944967835248
510,0.5749455712368449,1.6135562195551658,0.9590357614271077,-0.22064534375322464
511,-0.27165194804544524,-0.5332163791074783,0.42202517751261875,-0.9152765842266968
512,-1.1037409616549643,0.20445174677403757,-0.5639436191949674,-0.14057288531869
513,-0.4429099723082828,-0.6824292165449923,1.766776729705909,-0.2819256775149349
514,-0.2466621592103932,0.3457689250334233,-0.9577702422231961,-0.18506824991933635
515,1.4291788923042186,1.429085215928042,0.8731002968496153,0.9780630401803795
516,1.363098363889307,-0.4532820577885139,0.08095204120901997,-0.3865415037363961
517,2.480194451000283,-1.3857652838684307,1.091773346714763,1.7123803872821548
518,-1.4774386472398489,0.6445750835118805,0.46574682569301806,-0.9456197442246111
519,0.319808109301976,-0.3909078345276068,-0.7492881315948928,0.5540649897013673
520,-1.5358884216794046,-0.057999851821571205,-0.1559065044827406,-0.6792267379047148
521,-0.04370134036351461,-0.37959116198252263,-0.9907143024781557,-0.8113288530358768
522,-0.9441029612558871,-1.0497113400429017,-2.320515305678327,-1.749221828323276
523,-1.046691264044674,-0.46676179833826664,-0.2207728531586983,-1.8550738674691234
524,0.7963388530577963,-0.6799777414739827,-0.7016591973206515,1.133747646931778
525,-0.668838788889473,0.5118795748220161,1.104583860606744,-2.599083896927405
526,-0.9508759469446438,0.9274195249266672,-0.09240745573494427,0.745849329333922
527,-0.1324598333100013,0.4927950861190951,-0.7990500575642725,0.38695788178570034
528,1.8148184188391427,-0.22044504197349724,-0.7170518417384836,0.0987253878903009
529,-0.7431083183218361,0.5835938873740018,1.0292162413632169,0.8987533516691337
530,-1.8650943961828261,-2.5297330144677246,-0.5725150585303672,-0.5712173472623959
531,-1.5082799632551003,1.0213558530443172,-1.5604265616410822,0.05415847976909039
532,0.12665213587925336,-0.7062062906756476,-0.11277184655087402,-0.45699890459968284
533,-0.3384258547275331,-0.1817146692931915,0.7645866183738138,-0.4051168439430493
534,1.2097141029304317,-1.0887660507880517,1.284143662594421,0.7180964990760857
535,-0.7165521077791309,-1.4907977742057743,-0.9103483578912429,-1.4461939026572725
536,0.06837774691798182,-1.4269827965196982,-0.4479454009542983,-0.08249705127171318
537,0.9437990493591111,-0.7441364795827559,-0.841307690083178,-0.8352274932421861
538,1.6985792255701533,-0.2920082576709098,-0.8381223258125823,-0.030145808359360874
539,1.020246332439825,0.7608204656798458,-0.5005523508178754,-0.964778289358944
540,0.21373272273409696,0.5893770731802109,-0.4776425302426309,0.05204212894288094
541,-0.22359141135469046,-0.2961959240226747,0.7783428620371,1.2516895128624392
542,0.1211118334103002,-0.9305693505816165,0.034187184417003094,-0.18771896893003917
543,1.0899326275580303,-0.1451716040978784,-0.878019757253841,-0.4442962032623563
544,0.7907176673293033,-0.8593954791093259,-1.7757225926682738,0.13777954414483218
545,0.022043963624508566,1.316717434705651,1.2444860188110143,0.21468904861193522
546,-0.4108255676231374,-0.8813938076868382,1.8218562178164759,-0.20575774791315854
547,2.5954795361845346,-1.241839395707517,-0.7105283719036455,-1.4412486291149011
548,-0.28736222388463406,-0.16619806815310406,-1.1244326929640631,0.3316203535809474
549,-0.0625226183556583,0.519836525041234,-2.172742764746225,1.677334191072166
550,-0.41160591143053515,-0.3230619876735585,0.6593430121301552,0.6383147227244175
551,-0.09926003184707557,-1.938678600923442,-0.7743095474782076,-0.2559860223119718
552,-0.8202232182689243,-0.2773274263957798,0.8734585302035811,0.2615006737611325
553,1.8174365579778666,-0.04466392748624167,1.3190429861246018,0.17572954411404268
554,1.402286541122945,-0.4845464915647183,-0.3354054078180715,0.7357158605783288
555,0.8988306077811917,-0.3932358179019706,0.5355502913404503,-2.486341962027048
556,-0.414934972062529,0.422183096292664,-0.4193247841915152,0.2695896934785458
557,0.24587158197413672,-1.855554122858588,0.22115220617721765,-0.9676128849591106
558,0.3989091292361779,0.14550070758793984,0.1491261197283412,0.22581273788671816
559,-0.943897045975137,0.7682853918589475,0.29709802792828527,-1.715020020971105
560,-0.6144464565864507,0.8365084277325326,0.4568054210312257,-0.6670823992828114
561,-0.3807790655794111,0.14254013822574887,-0.907391969307415,-0.26564520864574753
562,0.6676779615754955,0.22146190632915852,-1.6461714946033443,0.038421178592974996
563,-0.9728141681444707,-1.810824886757111,2.0014422248791193,-0.39843518007780937
564,2.009414920485405,0.2091874699603441,0.7439291054413374,0.44779121565413327
565,1.426814173491821,0.4965330587978652,1.077863709008047,0.7602191546146583
566,0.2644545450161531,0.431522163435236,-1.4717507642082577,0.28682436864213
567,2.3635535113592723,0.9081805733564706,-0.6642035751508885,1.197699107801879
568,0.5507920476697461,0.8263962550299158,1.0066563625736202,-0.5234103810456819
569,1.0721147270484448,-0.7993722245146825,-1.1295100397734446,-0.5547493322396896
570,0.8415138896723793,-0.6035821743322882,0.6194983589118946,3.523055843942874
571,-0.8162541577258613,-0.24237498186190046,-0.44541045719363787,-0.9154298438427106
572,0.39161992274890806,-1.4596498227582497,-1.083908428023905,0.04974636136771136
573,0.4892399156786266,-0.13664002199469177,0.46909355563383215,1.0782969763396573
574,1.0202326246899978,-0.3023342652514291,0.5879172511273495,0.3137001502671607
575,-1.0826371461066993,-1.4942751818501228,-0.4876447255674578,1.2576547276768304
576,0.49950741965486584,0.21845556312935258,-0.2635235857263438,-0.9713232778925509
577,-1.1379312365026455,-0.1595668374232791,0.42834382891627576,-0.3144914603905011
578,-0.5440058678702985,0.2546936873876702,-1.6709342657793238,-0.727108262519547
579,-1.7116194522467592,-1.3658011674415083,1.611287153336327,0.8530337944402924
580,1.8564180817467273,-0.5810430674578428,-1.307138384022734,0.71986641097169
581,0.8090699470491225,0.32828536030468813,-0.1494647547269228,-1.0538681545739048
582,-1.582445718905788,0.6783731701066241,-1.1499678214340683,0.35384907875943106
583,1.7969451048243608,0.4961366625271189,0.7137038927589435,-0.40694628467116467
584,-0.032475884608024586,-0.5142344881170059,2.452107801784981,0.5711209693051372
585,0.403427459302754,-1.3394207476413433,1.2719883019406153,0.8743706874841567
586,0.8562120254512888,0.6694543034823195,-0.5027873596092185,-0.9881135656638482
587,-1.2709079900554823,1.8877926409326848,-0.5619839376717877,0.4247305120463951
588,-0.39648412542411754,-2.0683040158693706,-0.4415814853335409,-0.09332510161492696
589,0.8504034033769022,-1.7634551504780305,0.002166828069942372,1.4952883733379236
590,-1.3354550742286804,-1.5755411638597256,-0.6511273330677192,-1.0039131748102907
591,-0.011903329319163602,2.023857710221174,-0.5268975345087128,-0.78530008839323
592,-2.0610888557078444,0.2608265890590541,0.40873299686182285,0.25794339511925884
593,0.8013049392630802,-0.387232744488955,0.6181456412934537,0.430423824039643
594,-0.6300413315297017,1.0660655316359382,0.8214093037849659,-0.3880406798895813
595,-0.26085695816368354,2.6868648857606345,0.23983075912169122,0.4879011999775588
596,-0.0013035873414959708,-0.7712117062952678,0.3537043703402699,-0.09960160842030448
597,0.5971919402684699,-0.3843775105805095,0.20736569258238127,-1.5122536999675984
598,2.030189521577887,1.3547027269577407,1.7263224197458948,1.9205201650662698
599,1.0622041117106225,-1.2580706955433292,0.26486798430086494,-0.13723711727289223
600,0.944089722566308,-2.0245438415632315,0.9155676765950487,1.1750391979622332
601,-0.16635625042576613,1.1473034612284332,-0.873374123070416,1.2823276151230831
602,1.1569730681288803,1.1153177190463284,-0.42711758065383754,0.6850013509008525
603,-0.6509789473814372,0.3190591472843462,-1.557384683695437,0.3933640320515881
604,0.1314874206224638,-0.3298964300262493,-2.3759831110090195,-0.13644947958349765
605,-1.1071863857315645,-0.819313199985231,-0.4411100798299499,1.3575797970040326
606,0.9369302141712398,1.3329894607705994,-0.041058306376593634,2.350864852562969
607,0.5378377373320833,-0.819072108607172,-0.9323217005836213,0.9432996910364232
608,0.42993378671191845,-0.42644216585468614,-0.19038793847207144,1.155807091089899
609,1.2891389877155206,1.5328772725603708,0.7150127956640385,-0.6161365819798624
610,2.707417231714302,-0.5882221338804519,0.9934648692888327,-1.347402098528168
611,-0.6756046341396273,-0.35480298912728214,-0.3843194102170707,1.5153076660028766
612,0.37937565043945926,-1.6350418715916195,-0.4428828903524804,-0.853225763441697
613,0.37079068585403774,-1.0759966389336701,-0.31794669259501585,-1.0850452591688344
614,1.3045168847792823,0.606627438832784,0.32693530329499426,0.944402744280967
615,-0.40198054720932,1.2031106197278143,0.0005982375002600545,0.10330036138997341
616,0.9969309923477555,1.6746891527889842,1.1623217108272768,-0.29301643090526275
617,0.5583593051609645,2.829950141627165,0.7819832518757388,-0.5090570108351054
618,0.13947728372429802,2.0941500762655454,0.8933903488638687,1.1998300429482363
619,-0.31341695422472865,0.4507613120073854,0.13784700363071214,-0.6826011236269703
620,-0.3459936999741456,0.27884108835773586,-1.029469982316124,-0.3880915846116687
621,-0.8883649184479506,0.38544898329232113,-0.8599252894303805,-1.2521994332627975
622,0.7713228901454957,0.0954725540285985,-0.004785743905794873,-1.0072564056540134
623,-0.012832863936016167,1.0649320096256172,-0.337805105261157,0.7006733016779867
624,-0.9177246146553157,0.641103920353594,1.589451723557296,0.10962245006372391
625,0.12077272401511628,1.465530605876349,1.1208079757686222,-0.15920116293848627
626,1.1422444256600626,-0.47055828022906443,-0.1597240991357303,-1.5764854926864322
627,1.6031015865117917,0.6925390315725173,1.4132059108649555,-0.05639708583033837
628,0.19892962555052393,0.773311358592629,1.0396959814293647,1.3212946245779533
629,-1.0385254417314995,0.4051001769574702,-1.3143131800083565,-0.3703895066995766
630,-0.9726856628604513,-0.2719389271147421,-1.0330205377846902,-0.6833800002059438
631,0.27108682254707134,-0.460627648752853,0.14799337837144305,-0.4215705589924436
632,-2.1742501833145735,0.6950752150706603,-0.038102729735767935,-0.9338770717731604
633,-0.9831324275526357,-0.31509220924805503,-0.5940118764731098,-1.1343080426116023
634,1.2926967840004373,-0.711916284232234,0.09844098836561013,0.03048131589922035
635,-0.257227867981979,2.2557643998017647,-0.31045614202021693,0.8753604802650946
636,-1.3009336482867941,0.49985096451861916,-0.39376345333365775,-0.3117793739835053
637,-0.9769564891450186,0.24027819654985913,-0.07528842879868675,2.0572034662541183
638,-0.12096947506263021,0.3139131232161721,-0.24056781474247954,-0.16903214438171701
639,0.21376245037604127,0.9289054612139931,-0.8016912228738592,-0.23953524969354872
640,0.517425532989898,0.16537942771072137,-2.392718904144066,-1.4556083875370935
641,-0.9449697833417617,0.3478235478860125,0.9908804006062559,-0.7088764659644856
642,-1.2678372815775207,1.3771596122678549,0.1269128033527506,-1.2407385172831908
643,0.49134070692046994,1.669871296923148,-0.4456175874913502,-1.0262334651820217
644,1.0159134129905638,0.7919676904532985,-0.627671873190637,-0.12420140488893398
645,0.5226955260246056,1.9573280479999664,-0.22179879286194337,2.318353164707338
646,0.4235484525882548,0.060230483132686974,-0.987569917588551,0.5566553518080419
647,-1.1657973918536533,-0.11360919492216903,0.6741266125144133,1.0864370855357621
648,0.9419485944173627,1.3720602278285046,0.9531559158383205,-0.40715270984719726
649,1.0191568594087883,-0.6947467067304776,1.6486474910425537,-0.6534719587517734
650,1.2907918546553003,1.5899657054756362,0.13471440179258032,-0.6524141053182662
651,-0.34498539477674406,0.40274449682989655,-1.4163230327581529,2.3932901334055168
652,-1.1624185220238166,0.8172897307870384,0.06776135076917388,1.1865045155558323
653,2.3343866696722473,0.03466149357453377,1.0651224912891273,-1.304016874275644
654,-0.8199961769414801,1.1305718362962884,-1.0580517464786452,0.6153002812365075
655,0.8757374459499668,1.6440090910310725,-0.47334029072596134,-0.7472854543468003
656,-0.7107988137969432,3.5942927933421185,-2.2458150294583783,-0.33644785890192597
657,-1.1342004002083463,1.4414173715634608,-0.788246724765186,0.6723740036728089
658,1.165044149186514,-0.6305375477612276,-1.207095425596486,-1.7477541859531405
659,-0.9896433742488939,0.6751205619779824,0.0655612417792088,1.6374775354089206
660,-1.0172140730232453,1.1478073612385788,0.6316470192595864,-1.2809406528462124
661,1.3757768010963127,0.41557745982122224,0.7799453383059668,0.05971290998780412
662,-0.4021111936490996,-0.13204020647215872,0.6018041500814424,0.13653291092729505
663,-0.637186363768824,-0.09823271497234318,-1.2477557103540657,-0.10876479207851494
664,1.3886409134965945,-0.7716063153677484,-0.8077402847293647,-0.4394942652497777
665,-1.3916283602199935,1.4455875315728055,-2.15074883509776,1.1874528778645999
666,0.4598115475904513,-1.3536488950574768,-1.186942637126453,2.095106000001762
667,-0.9803102328318393,-0.043056308373203886,0.784000089174468,-0.448445050396406
668,-0.05651545719534603,2.0078704542552726,0.83746531500152,-0.5485928625478055
669,-1.144192089164934,-0.22246485661299642,0.6260093876296317,-0.0036900508587718868
670,-0.3571718453535391,-0.028781889963424786,0.1941128700417728,0.7740645995723494
671,-0.5761973635312043,1.8812655318223093,1.7905310789524749,-1.933517809425773
672,-0.15617752962112788,0.7013378009469375,1.3929713059635638,0.893512406783048
673,0.5063378190534807,-0.5844861468697956,-2.239638070491517,0.573076517098119
674,-0.4708445326508236,-0.528354510892467,-0.5342131323718993,-1.6053111160907616
675,-1.9242646044650018,-1.609847193396708,0.3000451512024029,-0.7453069999609452
676,1.1301774464769727,1.2510832199045907,-0.019253402550599187,0.3672925264639414
677,-0.9705459557311736,0.35698210841410793,-1.2741144027853228,-1.8203796292551468
678,0.7003563298709927,-0.13537650688308128,1.1270738064179358,-0.3002874062152485
679,-0.17383196411290305,0.4873512118027784,-0.7385227262382703,0.33268636206891145
680,0.8277958022780603,-1.7984239748214785,1.3570575373758174,-0.049329484713996806
681,0.38098591197401543,1.244517121409044,-1.0783279558385133,-1.9534030502888475
682,-0.3552035903760482,-0.7130364940769852,0.7736471509771241,-3.109106675179458
683,0.08926861452890161,-0.4614879477081097,0.7480633691680397,-0.1267029215818374
684,-0.5428589070121032,1.5959896001026197,-0.07893951249014838,0.16357816998409078
685,-2.4208508458954685,-1.4231121607945165,-0.7912799562352029,-1.421602859368548
686,2.460397387926157,1.2165932897044427,0.09666036660569347,0.5906357811255156
687,-0.12709783203775285,1.3033364217904768,-1.574152700880347,0.7066189347330377
688,-1.7877830897239881,1.1093381436692678,0.3543289267385752,1.4253276303180205
689,-0.9959430063864402,0.5548271160715614,0.8025709474882838,-1.1528807272367332
690,-0.7805957148970688,0.9675156059792422,-0.34344173733170985,-0.891591623223497
691,-1.3161592749982924,0.16533033120950452,2.283639743348986,2.290256287544046
692,-1.0791534423435987,-0.019344117350436795,0.3434342457850531,-1.3876685123979298
693,-0.2416183436026243,-0.6062823497379166,1.2717981408216141,0.3121027979074576
694,-0.20075596092515646,1.1766921313430132,-0.5223982146142059,-0.7756477860000328
695,-2.091712865654372,-0.6021038297611548,-0.3961642176645688,-1.1865865971840754
696,0.09208345041987155,-0.7439789614421688,-0.3221021075515043,0.3144598570957176
697,0.8872565323471745,0.5786996355306113,0.5050174333933194,-0.17534259908946903
698,-1.5268744325486576,0.6628642695026703,0.9802295249290921,1.0550715363982668
699,-0.7159296192493786,0.7788415842171603,-0.8695088188381644,-1.0852795195947869
700,1.0364357635145693,-0.5903451533418487,0.5080986799456477,-0.32822713908842316
701,1.6208977954833395,-0.9971481245224092,0.7699063408088037,0.7481467303979284
702,-0.9085243236671402,0.9901183366094939,0.49486815915833077,-0.8801902646159179
703,-0.13233995125146938,-0.2089540835784875,-0.1770655018482684,0.0768045799781892
704,-0.5142088691487187,-0.3306681951076607,-0.40457707413563776,0.018594150392518147
705,-0.6613495260383196,1.0704950150551154,1.6028037739969425,0.9146968883758009
706,0.40031649699356747,0.13928420586063003,0.2688476877416268,-0.17732422143963283
707,-0.3432040143241933,0.32616449172452877,-0.6696876261705277,1.6751383169040304
708,-0.5619559313740047,-0.16299335163202863,0.5124585232163564,1.506614774140442
709,0.06740511934325079,0.5019441859480369,0.4463439137888043,-1.476769068980791
710,-0.6754869857085671,0.1703879469267534,0.2604795629457045,-0.6177992392554933
711,0.19826051789862958,-0.3256677035897188,-0.21288897329898643,0.46412139371750355
712,-1.4264372326403985,-0.40828725440398367,-0.8822959167647169,-0.422965596775938
713,0.2733615335868076,-1.0934028632393733,-0.6306321484675177,0.6374517731019543
714,0.9191143811977495,-1.9705669691432135,-0.4769933330035249,-1.3903872305400684
715,-0.05575578375352272,0.21579557498338536,0.6145221854875729,-0.03849400773965724
716,-0.6567568281239388,-0.2598804779570634,2.0909091606315875,-1.3391992643927821
717,-0.6462985714590261,0.09723103939222465,0.8479879686550214,1.6438029238522012
718,0.08714710210702759,1.515051673423689,-0.4523395853179901,-0.11783702685849715
719,0.21450766517504447,1.0114863855309555,0.7808023773861763,0.659614551268518
720,-0.6269537376733959,-0.23739835014249658,-0.25875674662809,0.7480328014817396
721,-0.09373678536028604,1.839590948177653,1.0788276036901971,-0.2754029789528347
722,-0.46289346338028914,-0.10061834708410236,0.6359120951735008,1.17838282078094
723,-0.21720796981394405,0.8941010681155807,0.06675527969650072,-0.19728499151556514
724,0.7297095141063129,0.11778293129466823,1.1954272178009635,0.8343459725211226
725,0.18122807365526555,0.8630805300445804,-0.3658924069458032,-0.8399793191710325
726,-1.3208579262845386,0.5300706275866922,-0.1223393098139333,-0.045706218698770805
727,0.28884553400803853,-1.1231562524851064,-1.5385131697467072,-0.8090501507193532
728,1.1920141661050043,-0.6715816029200065,-1.3285346451249003,3.16663679809542
729,-0.9146157608211554,0.6600728048059618,-1.107036039579566,0.16838474628189
730,0.12827630274369303,0.06092262959240747,-1.5908178821481647,-1.110294446217858
731,-0.9689590299746503,-0.16360239692924278,-0.15102218459537126,-0.10255392044252427
732,-0.10584524309605649,-2.2484174252642144,0.01790892364842595,0.5512440456983241
733,-0.736612672527797,0.867346695083843,0.755380711776698,-1.5716284342669393
734,-1.2422042927424441,1.9718959938453522,0.5622266522718625,-0.9612579425960477
735,-0.730439775029914,1.9198829528766534,-1.7297718923849847,0.9807968520968227
736,0.2583229064497652,-1.1789859058775078,-0.8389902007496013,-0.7084955737350243
737,0.21050120755373106,-1.223369572090918,-0.09237652952092126,-0.3731698511123161
738,1.9055471351519262,-0.3633234661826286,-0.5520631576269383,0.5646518895612824
739,-0.3128445614688562,-0.25049986258186346,0.6732837029823867,-0.3942602802333509
740,-0.936931034308814,-1.5734606488349852,-1.0529853699198504,0.5789646704424689
741,1.1028883665357865,-0.8599902353392783,-0.20167800448039147,-0.015719909948834272
742,-0.37585473789228774,-1.4177849801329494,0.8638529050910243,-0.06916050312921829
743,-0.06924290001064771,0.08259728053328672,0.3167471645301091,-1.8064808167286555
744,0.36967676090663487,-0.8153392944874281,1.3323754252615887,0.5166818422950039
745,-1.0923811276099258,0.5895850466471144,-0.3985532887636033,-0.6068053501234596
746,0.3497050441884756,0.44547749299581924,0.7074661592150795,-0.7649123277166033
747,-1.8785188195916702,1.712502440058635,0.863508466310494,-0.05645243498230597
748,0.12480039609941347,-0.5414958215903323,-0.6483343400718254,-0.3946446625801662
749,-0.04514272953396367,-1.192965182175303,1.0537307169759509,-1.125141544854625
750,0.521142691771356,-0.7971721601420446,-0.1978958490912449,0.2630389308489801
751,-2.721174790098305,-0.20933781294625223,-0.9205766930821798,1.584790000868489
752,0.5314674067999506,-0.9238970247367825,0.18915854497035983,0.022014228894231536
753,-0.1416548159549472,0.7934384474973786,-1.018918230866723,-1.6846167605956068
754,0.8142871657662909,-0.142128555538718,0.6277348435123817,-0.43358973908289955
755,1.74543261473935,0.1832231622713036,-0.3819135935672374,-2.081207814002105
756,0.5058033120332606,0.8697166977962595,-1.2968211171192352,0.6930514004946984
757,0.9098246838251742,-1.2334074692832828,-1.4732409793773362,-1.0202280782131448
758,-0.9068025943777855,0.09383096423172496,0.8958586024211451,0.2451064880436389
759,-3.126499709323263,-0.2089521870932922,-0.21290783172510966,1.4846930572143584
760,1.0540406840768337,0.5399463866509555,1.0245300011174834,-0.3506755807821499
761,0.22557777887926483,-0.6274205172616888,0.5147503180125005,1.0411187083339744
762,0.2398316645015714,0.210958612130712,0.36440923163770306,-1.3591437342608277
763,-0.8905353342777058,-0.217393346768829,0.062346038934914375,0.5618794887007131
764,-0.4185779596410689,1.7409618344666071,0.14971581141018117,1.4783826067606871
765,-0.35651912471658936,-0.4060075550396463,-0.17137797534242646,0.5182325001201152
766,1.4031249857313373,-1.6770535377572857,0.6615121605414537,-1.8355146170979963
767,0.18906664638321952,0.19912451724837862,-0.39899401535074625,0.8797037035722007
768,0.5272821835221613,-2.3469827980958065,-0.29199241084374217,0.34245134862235327
769,0.33004664787197807,0.00589408201070641,0.9513266110077953,0.07220094306729848
770,1.0220825899890298,1.0397080308388702,-1.2487962467242013,0.1630449948547938
771,0.14769996372414357,-0.9988491954019763,1.3240410046386828,0.79728996924089
772,-1.2212385284086575,-1.536790866518904,0.7157424257063851,-0.17243183638444082
773,-0.32677073977651894,0.21316316418720607,-1.3868213464980859,0.6307241211878322
774,0.5657462131731776,0.9655185591767143,1.6209475202241743,-0.1934573756703342
775,-0.46073327580914913,0.36258203225483654,-0.8069415712121806,0.9982552625319058
776,0.5424394885459876,1.8569593746306023,0.1962670753795818,0.14808699859542693
777,-0.6882073373987174,0.6908811421457225,-0.7662403084852407,-1.4784681610364754
778,-0.2145250601626054,-0.2553100435217142,0.10639231354850738,-1.1948447073520094
779,0.9927191265578925,-0.02871433721932034,0.998505745375635,-0.8396089147724639
780,-0.22846707638868888,-0.15183709355501132,-1.3728126779261405,-1.6512081882246115
781,-0.8643520410192012,-0.5377782918589544,-0.29218527609094813,0.9852201949771108
782,0.7373779980139844,1.1074083023863115,0.48693085663465774,1.5035037594510272
783,-1.0023385617981717,1.2062405804287761,-0.6217243176465007,0.6787744171216967
784,0.08188279552934091,1.0547298318736038,1.9931179018047656,0.8051755851005991
785,-1.316467983922962,0.6872068228383301,0.3032440892182811,-0.3124104286746149
786,1.0831816773464336,-0.45111721377840225,0.4558666441092157,-0.38285143617762113
787,-0.7119980860988301,-0.3466424742820747,1.2881502256126962,-0.6552039179505775
788,-0.2880877923896334,-0.23775627140834432,1.9446445666197762,0.9928029618667515
789,0.17556345929824405,-0.056995491404267476,2.0025955408640557,-0.8518972793523164
790,1.5930719426187354,1.5184091103569808,-0.032978078550748684,-0.4876381408052126
791,-0.12089165897454149,-0.013329222697562785,-0.02994219372887738,0.7440032961748368
792,2.0194658649234083,0.7810039695292234,0.35127046738556233,0.4534677801990147
793,0.39596186332431815,-1.1160610499226271,0.5148316273600456,1.6687577810105076
794,-1.5299581205658057,-0.17614924258524853,-0.7765355112600908,-0.9210740683867032
795,1.11262499964198,0.6656504544669753,-0.29950915836338793,0.5988242731132998
796,-0.10405544757180916,-2.444323925580942,-0.9401857805448716,0.7357259174670244
797,-0.6081578270773722,0.22104772583153223,0.9055044158037525,0.2474729848398258
798,0.07579628576615259,1.808878008748608,-0.7345740263733955,-0.037469713871064805
799,0.7236110207640326,-0.9631268910690103,1.5684045289098936,1.5144147626230253
800,0.27124458037064014,-0.7546900699630722,-2.7638258938830806,-1.488628317763042
801,-0.7002686386288547,0.4023697163869468,-1.1834065861346772,-0.11877468453826744
802,-0.14979067468896276,0.6553199408124082,2.405043400120478,1.6582523270420226
803,-0.4157995729418231,1.297853542215553,0.35791412645879606,-0.5745024998904652
804,0.6038410215010039,-0.4081096442532793,-0.3839182098537211,0.2746160422870691
805,0.3496258817476786,-0.927375637136768,-0.6622178645676065,1.2697236057547647
806,-0.017100861517983755,-0.7922361529303705,-0.9522324673023709,1.0196511128076433
807,0.4217722328464971,0.5764069272658905,-0.522035946349757,0.35494777315207043
808,1.611169074756141,-1.2384447683604585,-1.5903109218411526,1.6142865049170123
809,0.7693606508857498,0.26288481190104235,0.7897035570204805,-0.1124076188448077
810,-0.27265339645513065,-1.546510888198343,-0.6112828828033755,0.47305690105038606
811,1.1919947773024482,-1.312598601578079,1.6688953020984791,0.46523645164686156
812,-0.3977659718914936,-1.1499751592595062,-1.2339697154774574,0.683322804883522
813,1.0797975207919466,-1.282128895668985,-0.8951191227528495,0.2669333547048711
814,0.7476142661653777,-1.0469713061998946,-1.1440567641493935,-1.0475115809543312
815,0.14232869962023767,-1.0898644508596838,-0.8543340557515878,0.9645841486232376
816,0.5455903278487843,1.2641730303030603,-0.4860141252015624,-2.055613630346762
817,-0.112659312191598,-0.1945146673933311,-1.1904822365939258,-0.8173334184535853
818,-0.7772789313979253,0.13562972263216067,-0.3874821737318293,0.16861104172702557
819,-0.9559837014277498,0.11835650547525468,-0.26645731709295606,1.1235475436819713
820,1.2381939986728223,0.06582988846831556,2.101488382218297,2.211949903248674
821,0.6541555944052434,0.13934383077518786,0.6533592858478391,0.9362027408991114
822,0.871114397899932,0.2038126161782252,-1.1298018947432216,-0.5704902715664872
823,0.9296538297881185,-1.2825505633538665,-0.6030054766926718,0.05260347640916001
824,0.2577042998881766,-1.4859151546584286,-0.6300909820345957,-0.4433087319262253
825,-1.1800415914995552,0.24903625339731253,-0.3893131148626801,1.0483741467718666
826,1.8523300352327043,0.6059892872609397,-0.33030447093640186,-0.8860552108232912
827,-0.7684505393574464,-0.050890628741808136,-0.37812605302531277,0.6354849486222264
828,-0.7513623819786865,2.0827174779082376,0.8462205221449015,-0.5288106698707891
829,0.7862643155508592,0.30763922871771754,1.2751159825647576,1.0553230212348983
830,-0.20706954634297228,-0.6854954035293869,-1.1860224253016372,-0.2078146126139254
831,-0.6223854692706918,1.5462123716725125,0.874949712626972,0.11944418149490728
832,1.936311364968793,0.6197330281410097,1.0243145702348493,0.30581894778701
833,-1.2150802522255923,-0.2793218105813883,-0.1989798047587227,-0.9450085169989775
834,0.578230242519297,-0.5751228024504405,-0.005160390058224929,0.745848887487202
835,1.1473793055529038,1.7154150003221145,0.577276098499643,-0.46434289756048575
836,0.0588051767859701,-0.25684315489639403,0.120179898156861,-1.4218916089832665
837,-0.24170030273008625,-0.5854955296888685,0.5023858782913916,-0.754817581173955
838,0.3850927033939345,0.017277844751835775,-0.43571810997506993,0.10986712520031693
839,0.1691506949460055,-0.457062663043245,0.1952923514962719,0.23815310788970775
840,-0.3364727346080634,0.2880469344784437,0.37317558888173974,1.2643562974214277
841,-0.0889135797560919,-1.4888183124615373,0.9167232811288465,-1.4098961493415139
842,0.6775023222104053,-0.5189227313214497,0.645806985006709,0.5257879498582472
843,-0.3288706296216665,-1.0144682632484119,1.2776016842239104,0.29243647457536626
844,0.10966582132919174,-0.11057226553923352,0.4542378416312784,1.6573441688013155
845,-0.43880616516505355,0.7697855851698192,0.04889192288409108,-0.2435529112802241
846,-0.261146208582873,0.7727355324127261,0.8725884606782065,-0.5925043191764479
847,-1.3190504908861942,-0.054539335387038035,-0.3180675044661718,-0.860437011721932
848,-1.0387736605415487,0.9547926560779169,-0.35698154921323394,-1.1411701538433572
849,0.3758918740481752,-0.9493288866289042,1.624457764437227,-1.0208482785075488
850,1.175601507050623,0.046245354656859854,1.2021610578268052,-0.6839349080799376
851,0.27840199845784047,0.44323045671202976,1.0792245176204551,-0.5803189744342907
852,0.49594967263900563,0.3939300058294388,-0.06339872752268813,0.2682260868422605
853,-0.18026289854954555,0.8610581077121727,0.021404306233908592,0.19742277084135454
854,0.6500292844079657,-0.22882405808470724,2.547313252974563,-1.3644170354799197
855,-0.6860850534841063,1.33645553900803,1.1658067618844616,1.0028463182070855
856,-1.2779045421997077,-0.8110197006518104,0.8467785881990302,-2.5750779910245725
857,0.10754611747127808,0.88920400212381,1.8273678530854323,-2.239509211908918
858,-1.1998058678745098,-0.2799444174485213,1.126054636831735,1.0641732595788205
859,1.224046545140597,-0.24159463118265295,-0.1537880413158653,0.0722290261745188
860,-0.4269576590315448,-0.3509343977538126,-0.39332412771260605,1.8032540226092553
861,0.21755091389811274,1.3097885945061625,-0.9620369594431603,-0.8752811483081311
862,0.5359418033706389,1.6588091818163728,0.4216468944723195,0.8121693927482965
863,-1.3371219687158387,-0.4721850378143493,1.1080737150466662,1.5937534549382617
864,2.714894604497568,-0.8157859131649754,-2.0361538504596464,-0.288168107734811
865,-0.035761587161777665,1.1149060178132566,0.9314738473288752,-0.22163420402400502
866,0.8400230258902724,0.28852675434147007,-0.3805218977703072,0.14004452499766282
867,-0.805160453150315,1.2386248927244274,0.6830792832693222,0.5111906577937377
868,-0.1784014664365483,-0.640871559148122,1.972485437603906,-1.0727191863489043
869,0.07488590282529263,1.8508027432188552,2.0367526658577284,2.174704013002035
870,1.8512472948998095,-0.6991132009375527,0.544435315120535,1.9401125702413746
871,-0.8297630024260557,0.6506244105837279,1.9660094334687184,0.07733863269271188
872,0.17477156393306137,0.8497251518706243,0.5067818538634153,0.39791841055818933
873,0.48358813055455985,-0.1632098784066431,-0.5001001252242995,0.10739185840049216
874,-0.10114262372677439,1.4062887136213629,-0.4508857207901817,-1.7987365738682555
875,-0.06654217325833177,0.6316886066296098,-0.9450298599909052,-0.3203301925567955
876,1.8769025430961217,-0.19016987869477767,0.2658383841528616,1.3070202069172343
877,0.15162110531867207,0.23899090743754003,-0.688798518064223,1.0376410523315254
878,0.4262770671090087,-0.2724632489117684,-0.01252143487308703,1.3065503195275567
879,-0.5134761250256502,1.5302129133170619,0.9200687723497039,-0.3913192995680211
880,-0.5198946571180032,0.7073002759705799,-0.3781213516613857,1.1283441690929186
881,-1.4350671841146283,-0.6996930595377319,1.4924522628721033,1.5772463323584256
882,-1.2879903402785908,-1.7166549506205737,0.37349269912601085,0.4691186141321715
883,0.508648439688483,-0.102596884304448,0.8391368365250084,0.5003092110146314
884,0.9372914626129528,-0.16208721962105124,-0.49639464203144895,-0.9749468749501882
885,0.053235199643993245,0.5058086193535821,0.2913526907992119,1.3086961933578527
886,-1.8057206290183276,-0.21410047375144095,0.4056872308682428,0.8768094119455053
887,0.7612761806524896,-1.312435795450953,1.8708366497622342,-1.0768637187894332
888,-0.27354924259896085,-1.4843170269295696,0.1893078945327722,0.9896777715306859
889,-0.812104207837712,-1.5456078029650042,1.103402366245273,-0.7809658667757694
890,-0.31479346779717204,1.589416592015734,1.4953920323495373,-0.0028938645567709136
891,-1.3894884899862117,-0.9258180278619562,0.2033451528990495,-0.8276749119394251
892,0.744426117749978,-0.7202239937317868,1.0964370434819264,-0.5185882970158152
893,-0.974161219248146,-1.2996424872794383,-0.8502721939494281,-0.4684291852413303
894,-0.3741651174414345,-0.36210620568891083,-1.316327562036363,0.16974148632109906
895,-0.5153920590398052,-0.7321727740856191,-0.27097734736932244,-1.0924659982781906
896,0.5834549264573325,-0.8383021816871045,-0.5830762842140925,-0.35046483514874405
897,0.4140006650983584,1.049755760945018,0.37542244657419793,1.2626463946387492
898,-0.467119236100165,-1.747303749097489,0.4636938923885709,-0.3340389661765339
899,1.3649984930927503,0.6786580432466636,-0.017264123378354097,-0.9832891613703102
900,-2.4750909200777405,0.3274507543953942,0.8619478185601007,0.09343592335487123
901,-0.9703547868232056,-0.06336442951504768,-0.5001095393807085,-0.7653502030764703
902,-1.1908300268772545,-0.02936485192131887,1.1693544400329516,-1.5289101755742731
903,0.09714796975221164,1.3711716029856011,0.11964016564981664,-0.6028284707273363
904,1.1447719022010918,-1.5627213795800845,-1.0131795896994675,-0.4524288520567005
905,-0.6274335431129469,1.1639398477658118,-0.4826208896662716,-0.08722464119347885
906,-0.09691001932147651,-1.9104951084733206,-0.26894793700177805,-0.44968163078361295
907,0.8510884090631488,-0.202871555557045,0.7989709885716673,-1.3882417173832262
908,0.6699683819433637,-2.238137706187989,-0.9512297182135788,-1.3809796728087762
909,-0.11763745320530249,0.6276758492720255,-0.27840494991048453,-0.6382501770456309
910,-1.0600755721627737,0.11071049937834732,1.325250173648789,-0.9953294922776588
911,-0.43910415339674286,0.3857185426137425,0.5596873790200749,0.5354321768084622
912,-0.3269555817804599,0.4403712311987069,1.8091236483549955,0.09022939403532969
913,-1.1243181908839928,-1.1580142191272758,-0.11942303094017132,1.7611136141217338
914,-2.093252363154047,-0.8041743638658815,0.9564711503359915,-0.9917323502437078
915,-0.26757047234255144,1.005935750980111,0.32277089076644394,0.07482850827052315
916,-1.5909306845294882,0.25949500827280064,0.07773883154029523,-0.5301441372192405
917,-1.6890065659296913,-0.37222455608717914,-0.8444807954207908,0.37475592445540384
918,0.6661478462183517,0.7182392002773311,-0.43909623254301167,-0.7585974695987812
919,-1.3547331256851374,-1.6830976209378115,0.9267177564621808,-0.6503761101624771
920,0.8041158103378521,-1.5291409949391264,0.7304339422574293,0.32711979428543403
921,0.09868627335888272,-1.087723193859384,0.35854856913431654,-0.45884897307987
922,0.6587045145461391,-1.4683837025158215,-0.23494374327628206,-1.305152815726984
923,0.2864980790228895,0.9971280114916271,1.367276540958724,1.2888105889076742
924,0.1179035758236585,-1.0518124906787985,0.9540322448053116,0.24557588123951535
925,-0.24730774316188944,-0.6069340630736026,0.4309913697672739,0.8751324283528636
926,-0.42953503034931517,0.0720956991376917,1.9043841169288591,1.8639269347703764
927,-0.8533452703074175,-0.7633196451482855,0.042818548916358404,1.344811048882022
928,-1.6397210753304414,-1.7333033123325645,-0.629633613308627,0.5583836878174342
929,-0.04566378306061728,0.28032302845903256,0.35600752150750936,-0.9439344151632074
930,-0.9469436214467366,0.30326119568275695,-0.5385487462946573,0.2114939831827235
931,0.31110648805915925,0.10388039532250981,0.7612152359968042,1.8350239856698152
932,-0.3446815332591719,-1.3354533326896192,-0.47714411343082663,0.9262684341947809
933,2.1327073488875143,0.3641735619075297,0.3706129941657406,0.6332425278589895
934,-0.8061743135013724,-0.04549378253285005,1.0229642921356843,-0.012835549064804391
935,-1.0395523195363465,0.6856641696986381,0.47690305853178117,-0.9073038251703258
936,-0.09043412479117804,0.488713974114837,1.11981164585078,-1.0376583902937346
937,0.6249606311388392,-0.2846616790563305,0.26814415354850035,-0.09674141155604217
938,-1.3847263459600607,-2.6892410035406042,-2.0296919975542353,-0.6960960334484858
939,0.332794210938346,0.2329392150143299,-0.43854918479708915,0.41817587166142367
940,-1.0098382612019845,1.6294475528698522,1.2717264989197832,0.3599213674651583
941,0.04698474451075158,0.5432064454383544,1.5839013916166946,-0.6927107207776184
942,1.2113430428929985,1.2613203001357138,0.5491909326440177,-1.516407724478019
943,0.47260012467726464,-0.9052950072302121,0.7892610509102093,1.5890120047668803
944,1.8852464599462813,-0.37532252317975884,0.7454033948192791,0.24654143925785502
945,0.1498322527022592,0.33812014178300676,0.7222460527515907,0.10351550821322629
946,-2.0185143817627265,0.0010544361288328135,-2.649877855502198,0.3611081136199992
947,-1.4571867492307586,0.9317311354524044,1.2915736942935498,0.4028863808281421
948,0.010167494062170788,-0.46814810414513797,0.08677559881101793,-0.16401695427754043
949,-1.0641889181134494,0.5188453611071964,0.790562662716897,1.683269612459484
950,-1.7507303059809467,-1.7274823455360366,-1.1786526352831597,1.0189314623459391
951,-0.05799222625232251,0.9856662537309995,0.6563862313790695,-1.6284013285975691
952,-0.2446701778563191,-1.745296729409572,-1.8158586861081987,-0.777240515522967
953,-1.404550692989015,-0.05007560836301269,-0.4434830153421208,1.3849662870141464
954,-0.6283680240793788,-0.2578051155259073,0.2481400198119169,-0.1627441921837672
955,-0.7861757767960661,-0.9042058739866261,-0.6265898981444326,0.725582767384897
956,-0.08586004565220565,0.283449561847593,-2.54915143423835,-0.028227474546023753
957,1.6642976574368467,0.4641707998046824,-0.21546130120038326,-0.28886710630241275
958,0.09112077188473915,2.3635929309227492,-1.3121264271558084,1.2335373191879453
959,0.48182329636070703,0.6085187574215717,-1.0321489214931294,-1.531055830947165
960,-1.620584521727945,-0.5646491153372887,-1.224304531511318,-0.13719884444107525
961,-0.12081006416367415,1.385874097786992,-0.2557459930096392,0.037106416248145015
962,0.5204966151908146,0.1320686488627911,0.1475060312683714,-1.7990324674040346
963,-0.5160615301006735,-0.7840610893775557,0.4816867446933441,-0.20194459907194567
964,-1.6530360066232137,1.6364836163626517,0.10447504639726972,-0.3721981216489714
965,-0.03741010403571494,-0.7370966875937043,-1.2331283803931679,0.7028176248385358
966,-1.2034041332287895,0.1827665619520575,0.6698069364670705,0.16253074350635816
967,0.6407154665636313,0.6178822476781078,-0.8029802015509097,0.019440150516050206
968,0.3602352894984823,-0.7404047152798839,-0.002607898078643702,-2.1158352763390886
969,-0.3529342013924801,-2.224559715960349,-0.8774005637411025,-0.7927642700868817
970,-0.46063961688826854,-0.7160711015734338,-0.09532554229520877,-0.2295345037135124
971,-1.651347456050224,0.9398879654238476,1.5958584034638477,0.1847284096832992
972,-0.08748846852140467,-0.2759233563978651,0.9727064175201723,0.915636560405234
973,0.4719394375834305,-0.5353603361381524,0.010452608219758174,-0.13293695184006157
974,-1.8259445760674273,-1.2870152584982677,1.3259435859515656,-0.26438176886606973
975,-1.1994127825062464,0.012364252420337367,-0.3463282591197121,-0.1833177156711991
976,3.094773039346795,-0.690947399998688,-1.359235570457076,1.2598454653780657
977,-1.5299084152499023,-0.12830182263521267,1.1102943364460693,-0.07322305955586877
978,1.6470405022636985,-1.8008528038767908,0.5493500005380577,-0.5850925890577507
979,-0.46511758581771545,0.3550928842529232,-0.7711779681622885,-0.4649894863802096
980,-0.7180373523366315,-0.9686326384319058,-0.5213499719630996,-0.6289924561215413
981,-2.296392038732414,0.2114835797980291,0.3320323509999806,0.9640769117989209
982,0.2992697144053572,0.582871372069973,0.7573472647263624,0.3781927908980441
983,-2.3793018319802623,-0.35818998413753905,1.0004364419872644,-1.0629722013065956
984,0.9022547857261454,-0.5504453064062964,-0.655775818566436,0.6810445425971973
985,1.915753840197156,-0.36719235852575227,-0.7709366325316179,-2.2790509163883996
986,-0.25785069617960826,0.7204497377162391,0.49699093602233946,-0.07139048009504001
987,0.3454166445139508,-0.19282927263841715,0.38789848353575473,-0.48244482365433317
988,1.2751734516575772,1.9139061423693973,2.2656219254822574,0.8916201403762674
989,-3.3043340233807434,0.29505548715843194,-0.1946172121813558,-0.1913059097497492
990,-0.7756016846040811,2.1097477816656696,0.08550630375016297,1.1474744648844517
991,1.8401504154901558,-1.1792883090006898,-0.4092714062477598,1.656585621791309
992,-1.1667918462070073,0.5612067694809194,-0.5380381257621327,-0.10406079020892471
993,-0.4483230174487739,-0.1514498008552321,0.6145746444515365,0.49502979593699714
994,1.3716940796754986,1.0670264266277922,-1.2391032456544961,-0.024497272938212276
995,0.08642231919470107,2.2706444169224147,0.9664458353689804,0.23648506679295953
996,0.6491514032651596,-0.3793871672740378,-0.7982474373805123,-0.538445056085599
997,-0.9060218902971794,-0.4787053280602848,0.4514160819560809,0.5898550816029217
998,-0.4696643036558182,-0.5818352968552183,0.36074707906167264,-0.8898589983034202
999,1.2602175795519994,-0.33251038042037767,-0.6576659019517809,-0.33374093219922185
